<?xml version="1.0"?>
<note xmlns="http://note.youdao.com" schema-version="1.0.3" file-id="17" file-version="0"><head><header compat="true"><text></text><styles><align>center</align></styles></header><footer compat="true"><text></text><styles><align>center</align></styles></footer></head><body><para><coId>9640-1557470922290</coId><text></text><inline-styles/><styles/></para><image><coId>2089-1557470922290</coId><source>https://shared-https.ydstatic.com/ynote/template/template_stickyNote/1.png</source><text></text><styles><width>100%</width><height>105</height></styles></image><para><coId>9674-1557470936678</coId><text></text><inline-styles/><styles/></para><image><coId>9820-1557470936678</coId><source>https://shared-https.ydstatic.com/ynote/template/template_stickyNote/2.png</source><text></text><styles><width>100%</width><height>126</height></styles></image><para><coId>8800-1557470936678</coId><text></text><inline-styles/><styles><back-color>#f2f2f2</back-color><padding>0 20px</padding></styles></para><todo compat="true"><coId>6810-1557470975214</coId><text> </text><inline-styles/><styles><back-color>#f2f2f2</back-color><padding>0 20px</padding></styles><checked>false</checked></todo><todo compat="true"><coId>9692-1557470993143</coId><text> </text><inline-styles/><styles><back-color>#f2f2f2</back-color><padding>0 20px</padding></styles><checked>false</checked></todo><todo compat="true"><coId>7062-1557470998436</coId><text></text><inline-styles/><styles><back-color>#f2f2f2</back-color><padding>0 20px</padding></styles><checked>false</checked></todo><para><coId>3729-1557470975508</coId><text></text><inline-styles/><styles><back-color>#f2f2f2</back-color><padding>0 20px</padding></styles></para><para><coId>1780-1557471003004</coId><text></text><inline-styles/><styles/></para><image><coId>5914-1557471024724</coId><source>https://shared-https.ydstatic.com/ynote/template/template_stickyNote/3.png</source><text></text><styles><width>100%</width><height>126</height></styles></image><para><coId>9673-1557470983656</coId><text></text><inline-styles/><styles><back-color>#f2f2f2</back-color><padding>0 20px</padding></styles></para><todo compat="true"><coId>6536-1557471029672</coId><text> </text><inline-styles/><styles><back-color>#f2f2f2</back-color><padding>0 20px</padding></styles><checked>false</checked></todo><todo compat="true"><coId>2033-1557471040768</coId><text> </text><inline-styles/><styles><back-color>#f2f2f2</back-color><padding>0 20px</padding></styles><checked>false</checked></todo><todo compat="true"><coId>0071-1557471042087</coId><text></text><inline-styles/><styles><back-color>#f2f2f2</back-color><padding>0 20px</padding></styles><checked>false</checked></todo><para><coId>6894-1557471036495</coId><text></text><inline-styles/><styles><back-color>#f2f2f2</back-color><padding>0 20px</padding></styles></para><para><coId>4297-1557471044648</coId><text></text><inline-styles/><styles/></para><image><coId>5012-1557471052667</coId><source>https://shared-https.ydstatic.com/ynote/template/template_stickyNote/4.png</source><text></text><styles><width>100%</width><height>126</height></styles></image><para><coId>9439-1557470983885</coId><text></text><inline-styles/><styles><back-color>#f2f2f2</back-color><padding>0 20px</padding></styles></para><todo compat="true"><coId>1048-1557471062045</coId><text> </text><inline-styles/><styles><back-color>#f2f2f2</back-color><padding>0 20px</padding></styles><checked>false</checked></todo><todo compat="true"><coId>5117-1557471070985</coId><text> </text><inline-styles/><styles><back-color>#f2f2f2</back-color><padding>0 20px</padding></styles><checked>false</checked></todo><todo compat="true"><coId>1788-1557471081149</coId><text> </text><inline-styles/><styles><back-color>#f2f2f2</back-color><padding>0 20px</padding></styles><checked>false</checked></todo><para><coId>7679-1557471082257</coId><text></text><inline-styles/><styles><back-color>#f2f2f2</back-color><padding>0 20px</padding></styles></para><para><coId>4123-1557471084603</coId><text></text><inline-styles/><styles/></para><image><coId>1735-1557471098019</coId><source>https://shared-https.ydstatic.com/ynote/template/template_stickyNote/5.png</source><text></text><styles><width>100%</width><height>126</height></styles></image><para><coId>5861-1557471098019</coId><text></text><inline-styles/><styles><back-color>#f2f2f2</back-color><padding>0 20px</padding></styles></para><todo compat="true"><coId>5900-1557471102989</coId><text> </text><inline-styles/><styles><back-color>#f2f2f2</back-color><padding>0 20px</padding></styles><checked>false</checked></todo><todo compat="true"><coId>6110-1557471105767</coId><text> </text><inline-styles/><styles><back-color>#f2f2f2</back-color><padding>0 20px</padding></styles><checked>false</checked></todo><todo compat="true"><coId>1962-1557471106600</coId><text> </text><inline-styles/><styles><back-color>#f2f2f2</back-color><padding>0 20px</padding></styles><checked>false</checked></todo><para><coId>4588-1557471107870</coId><text></text><inline-styles/><styles><back-color>#f2f2f2</back-color><padding>0 20px</padding></styles></para><para><coId>5975-1557471110376</coId><text></text><inline-styles/><styles/></para><para><coId>2850-1557471121304</coId><text></text><inline-styles/><styles/></para></body></note>