<?xml version="1.0"?>
<note xmlns="http://note.youdao.com" schema-version="1.0.3" file-id="21" file-version="0"><head><header compat="true"><text></text><styles><align>center</align></styles></header><footer compat="true"><text></text><styles><align>center</align></styles></footer></head><body><para><coId>2164-1575364920852</coId><text></text><inline-styles/><styles><align>center</align></styles></para><image><coId>3810-1575362536369</coId><source>https://shared-https.ydstatic.com/ynote/template/template_qzlx/1.png</source><text></text><styles><width>100%</width><height>126</height></styles></image><para><coId>7345-1568171753487</coId><text></text><inline-styles/><styles><back-color>transparent</back-color><padding>0 20px</padding></styles></para><todo compat="true"><coId>9767-1568171753487</coId><text>身份证</text><inline-styles/><styles><back-color>transparent</back-color><padding>0 20px</padding></styles><checked>false</checked></todo><todo compat="true"><coId>6547-1568171753488</coId><text>护照/通行证</text><inline-styles/><styles><back-color>transparent</back-color><padding>0 20px</padding></styles><checked>false</checked></todo><todo compat="true"><coId>4423-1568171753488</coId><text>签证</text><inline-styles/><styles><back-color>transparent</back-color><padding>0 20px</padding></styles><checked>false</checked></todo><todo compat="true"><coId>7537-1568171753488</coId><text>驾照/行驶证</text><inline-styles/><styles><back-color>transparent</back-color><padding>0 20px</padding></styles><checked>false</checked></todo><todo compat="true"><coId>6439-1568171753489</coId><text>保险单</text><inline-styles/><styles><back-color>transparent</back-color><padding>0 20px</padding></styles><checked>false</checked></todo><todo compat="true"><coId>7666-1568171753489</coId><text>机票行程单</text><inline-styles/><styles><back-color>transparent</back-color><padding>0 20px</padding></styles><checked>false</checked></todo><todo compat="true"><coId>7955-1568171753489</coId><text>银行卡/信用卡</text><inline-styles/><styles><back-color>transparent</back-color><padding>0 20px</padding></styles><checked>false</checked></todo><todo compat="true"><coId>9596-1568171753489</coId><text>学生证</text><inline-styles/><styles><back-color>transparent</back-color><padding>0 20px</padding></styles><checked>false</checked></todo><todo compat="true"><coId>7774-1568171753489</coId><text>以上证件的电子备份（可用有道云笔记扫描并存储）</text><inline-styles/><styles><back-color>transparent</back-color><padding>0 20px</padding></styles><checked>false</checked></todo><para><coId>4743-1575365151769</coId><text></text><inline-styles/><styles><back-color>transparent</back-color><padding>0 20px</padding></styles></para><para><coId>4154-1575365153595</coId><text></text><inline-styles/><styles><padding>0 20px</padding></styles></para><image><coId>9628-1575362586595</coId><source>https://shared-https.ydstatic.com/ynote/template/template_qzlx/2.png</source><text></text><styles><width>100%</width><height>126</height></styles></image><para><coId>6695-1568171753491</coId><text></text><inline-styles/><styles><back-color>transparent</back-color><padding>0 20px</padding></styles></para><todo compat="true"><coId>2230-1568171753491</coId><text>手机及充电器</text><inline-styles/><styles><back-color>transparent</back-color><padding>0 20px</padding></styles><checked>false</checked></todo><todo compat="true"><coId>8917-1568171753491</coId><text>电脑及充电器</text><inline-styles/><styles><back-color>transparent</back-color><padding>0 20px</padding></styles><checked>false</checked></todo><todo compat="true"><coId>7190-1568171753491</coId><text>充电宝</text><inline-styles/><styles><back-color>transparent</back-color><padding>0 20px</padding></styles><checked>false</checked></todo><todo compat="true"><coId>3989-1568171753491</coId><text>iPad</text><inline-styles/><styles><back-color>transparent</back-color><padding>0 20px</padding></styles><checked>false</checked></todo><todo compat="true"><coId>3035-1568171753492</coId><text>耳机</text><inline-styles/><styles><back-color>transparent</back-color><padding>0 20px</padding></styles><checked>false</checked></todo><todo compat="true"><coId>8060-1568171753492</coId><text>相机</text><inline-styles/><styles><back-color>transparent</back-color><padding>0 20px</padding></styles><checked>false</checked></todo><todo compat="true"><coId>8282-1568171753492</coId><text>数据线</text><inline-styles/><styles><back-color>transparent</back-color><padding>0 20px</padding></styles><checked>false</checked></todo><todo compat="true"><coId>3412-1568171753492</coId><text>U盘</text><inline-styles/><styles><back-color>transparent</back-color><padding>0 20px</padding></styles><checked>false</checked></todo><para><coId>6181-1575365157125</coId><text></text><inline-styles/><styles><back-color>transparent</back-color><padding>0 20px</padding></styles></para><para><coId>9644-1575365158233</coId><text></text><inline-styles/><styles><padding>0 20px</padding></styles></para><image><coId>4580-1575364944104</coId><source>https://shared-https.ydstatic.com/ynote/template/template_qzlx/3.png</source><text></text><styles><width>100%</width><height>126</height><back-color>transparent</back-color></styles></image><para><coId>3349-1568171753493</coId><text></text><inline-styles/><styles><back-color>transparent</back-color><padding>0 20px</padding></styles></para><todo compat="true"><coId>7010-1575363524878</coId><text>纸巾</text><inline-styles/><styles><back-color>transparent</back-color><padding>0 20px</padding></styles><checked>false</checked></todo><todo compat="true"><coId>8160-1568171753493</coId><text>水杯</text><inline-styles/><styles><back-color>transparent</back-color><padding>0 20px</padding></styles><checked>false</checked></todo><todo compat="true"><coId>1660-1568171753493</coId><text>梳子</text><inline-styles/><styles><back-color>transparent</back-color><padding>0 20px</padding></styles><checked>false</checked></todo><todo compat="true"><coId>3018-1568171753493</coId><text>剃须刀</text><inline-styles/><styles><back-color>transparent</back-color><padding>0 20px</padding></styles><checked>false</checked></todo><todo compat="true"><coId>8245-1568171753494</coId><text>各类化妆品</text><inline-styles/><styles><back-color>transparent</back-color><padding>0 20px</padding></styles><checked>false</checked></todo><todo compat="true"><coId>9716-1568171753494</coId><text>牙膏牙刷</text><inline-styles/><styles><back-color>transparent</back-color><padding>0 20px</padding></styles><checked>false</checked></todo><todo compat="true"><coId>5948-1568171753495</coId><text>洗面奶</text><inline-styles/><styles><back-color>transparent</back-color><padding>0 20px</padding></styles><checked>false</checked></todo><todo compat="true"><coId>5249-1568171753495</coId><text>沐浴露、洗发水、护发素</text><inline-styles/><styles><back-color>transparent</back-color><padding>0 20px</padding></styles><checked>false</checked></todo><todo compat="true"><coId>3181-1568171753495</coId><text>防晒霜</text><inline-styles/><styles><back-color>transparent</back-color><padding>0 20px</padding></styles><checked>false</checked></todo><todo compat="true"><coId>4052-1568171753496</coId><text>拖鞋</text><inline-styles/><styles><back-color>transparent</back-color><padding>0 20px</padding></styles><checked>false</checked></todo><todo compat="true"><coId>8187-1568171753497</coId><text>指甲刀</text><inline-styles/><styles><back-color>transparent</back-color><padding>0 20px</padding></styles><checked>false</checked></todo><todo compat="true"><coId>5290-1568171753497</coId><text>眼罩</text><inline-styles/><styles><back-color>transparent</back-color><padding>0 20px</padding></styles><checked>false</checked></todo><todo compat="true"><coId>2554-1568171753497</coId><text>充气枕</text><inline-styles/><styles><back-color>transparent</back-color><padding>0 20px</padding></styles><checked>false</checked></todo><para><coId>9560-1568171753497</coId><text></text><inline-styles/><styles><back-color>transparent</back-color><padding>0 20px</padding></styles></para><para><coId>1678-1575363177938</coId><text></text><inline-styles/><styles><padding>0 20px</padding></styles></para><image><coId>8363-1575362701445</coId><source>https://shared-https.ydstatic.com/ynote/template/template_qzlx/4.png</source><text></text><styles><width>100%</width><height>126</height></styles></image><para><coId>6564-1568171753498</coId><text></text><inline-styles/><styles><back-color>transparent</back-color><padding>0 20px</padding></styles></para><todo compat="true"><coId>8013-1568171815065</coId><text>T恤</text><inline-styles/><styles><back-color>transparent</back-color><padding>0 20px</padding></styles><checked>false</checked></todo><todo compat="true"><coId>6833-1568171753498</coId><text>外套</text><inline-styles/><styles><back-color>transparent</back-color><padding>0 20px</padding></styles><checked>false</checked></todo><todo compat="true"><coId>1331-1568171753498</coId><text>长裤/短裤</text><inline-styles/><styles><back-color>transparent</back-color><padding>0 20px</padding></styles><checked>false</checked></todo><todo compat="true"><coId>2215-1568171753499</coId><text>内衣</text><inline-styles/><styles><back-color>transparent</back-color><padding>0 20px</padding></styles><checked>false</checked></todo><todo compat="true"><coId>4749-1568171753499</coId><text>睡衣</text><inline-styles/><styles><back-color>transparent</back-color><padding>0 20px</padding></styles><checked>false</checked></todo><todo compat="true"><coId>8243-1568171753499</coId><text>袜子</text><inline-styles/><styles><back-color>transparent</back-color><padding>0 20px</padding></styles><checked>false</checked></todo><todo compat="true"><coId>8900-1568171753499</coId><text>帽子</text><inline-styles/><styles><back-color>transparent</back-color><padding>0 20px</padding></styles><checked>false</checked></todo><todo compat="true"><coId>4958-1568171753499</coId><text>配饰</text><inline-styles/><styles><back-color>transparent</back-color><padding>0 20px</padding></styles><checked>false</checked></todo><para><coId>5751-1575365166353</coId><text></text><inline-styles/><styles><back-color>transparent</back-color><padding>0 20px</padding></styles></para><para><coId>3591-1575365167399</coId><text></text><inline-styles/><styles><padding>0 20px</padding></styles></para><image><coId>3991-1575362720854</coId><source>https://shared-https.ydstatic.com/ynote/template/template_qzlx/5.png</source><text></text><styles><width>100%</width><height>126</height></styles></image><para><coId>6946-1568171753500</coId><text></text><inline-styles/><styles><back-color>transparent</back-color><padding>0 20px</padding></styles></para><todo compat="true"><coId>9374-1568171753500</coId><text>出境游电话卡</text><inline-styles/><styles><back-color>transparent</back-color><padding>0 20px</padding></styles><checked>false</checked></todo><todo compat="true"><coId>4372-1568171753501</coId><text>阅读书籍</text><inline-styles/><styles><back-color>transparent</back-color><padding>0 20px</padding></styles><checked>false</checked></todo><todo compat="true"><coId>5055-1568171753501</coId><text>常用药品（创可贴、感冒药）</text><inline-styles/><styles><back-color>transparent</back-color><padding>0 20px</padding></styles><checked>false</checked></todo><todo compat="true"><coId>6094-1568171753501</coId><text>钱包</text><inline-styles/><styles><back-color>transparent</back-color><padding>0 20px</padding></styles><checked>false</checked></todo><todo compat="true"><coId>6540-1568171753501</coId><text>行李箱和行李牌</text><inline-styles/><styles><back-color>transparent</back-color><padding>0 20px</padding></styles><checked>false</checked></todo><para><coId>5030-1575365170441</coId><text></text><inline-styles/><styles><back-color>transparent</back-color><padding>0 20px</padding></styles></para><image><coId>6122-1575364896849</coId><source>https://shared-https.ydstatic.com/ynote/template/template_qzlx/logo.png</source><text></text><styles><width>100%</width><height>126</height><back-color>transparent</back-color></styles></image><para><coId>7373-1568171753502</coId><text></text><inline-styles/><styles/></para></body></note>