<?xml version="1.0"?>
<note xmlns="http://note.youdao.com" schema-version="1.0.3" file-id="23" file-version="0"><head><list id="8780-1569320877511" type="ordered"/><list id="4230-1569320909334" type="ordered"/><list id="4815-1569321048926" type="ordered"/><header compat="true"><text></text><styles><align>center</align></styles></header><footer compat="true"><text></text><styles><align>center</align></styles></footer></head><body><para><coId>3166-1571036823655</coId><text>※</text><inline-styles><font-size><from>0</from><to>1</to><value>16</value></font-size><color><from>0</from><to>1</to><value>#b8b8b8</value></color></inline-styles><styles><align>center</align></styles></para><para><coId>8696-1571103095664</coId><text> 书名  BOOK TITLE</text><inline-styles><color><from>0</from><to>4</to><value>#ffffff</value></color><color><from>4</from><to>5</to><value>#b8b8b8</value></color><color><from>5</from><to>15</to><value>#808080</value></color><back-color><from>0</from><to>4</to><value>#528cd8</value></back-color></inline-styles><styles><back-color>#f2f2f2</back-color><padding>0 20px</padding></styles></para><para><coId>4594-1571103095664</coId><text></text><inline-styles/><styles><align>center</align><back-color>#f2f2f2</back-color><padding>0 20px</padding></styles></para><para><coId>9687-1571103095664</coId><text></text><inline-styles/><styles><back-color>#f2f2f2</back-color><padding>0 20px</padding></styles></para><para><coId>3831-1571103095664</coId><text></text><inline-styles/><styles/></para><para><coId>7738-1571103095664</coId><text>基本信息 BASICS</text><inline-styles><color><from>0</from><to>4</to><value>#ffffff</value></color><color><from>4</from><to>11</to><value>#808080</value></color><back-color><from>0</from><to>4</to><value>#808080</value></back-color></inline-styles><styles><back-color>#f2f2f2</back-color><padding>0 20px</padding></styles></para><list-item level="1" list-id="8780-1569320877511"><coId>7475-1571103095664</coId><text>作者：</text><inline-styles><color><from>0</from><to>3</to><value>#393939</value></color></inline-styles><styles><back-color>#f2f2f2</back-color><padding>0 20px</padding></styles></list-item><list-item level="1" list-id="8780-1569320877511"><coId>4299-1571103095665</coId><text>出版社：</text><inline-styles><color><from>0</from><to>4</to><value>#393939</value></color></inline-styles><styles><back-color>#f2f2f2</back-color><padding>0 20px</padding></styles></list-item><list-item level="1" list-id="8780-1569320877511"><coId>5094-1571103095665</coId><text>阅读进度：</text><inline-styles><color><from>0</from><to>5</to><value>#393939</value></color></inline-styles><styles><back-color>#f2f2f2</back-color><padding>0 20px</padding></styles></list-item><para><coId>8639-1571103095665</coId><text></text><inline-styles/><styles><back-color>#f2f2f2</back-color><padding>0 20px</padding></styles></para><para><coId>7710-1571103095665</coId><text></text><inline-styles/><styles/></para><para><coId>6940-1571103095665</coId><text>阅读心得 LEARNINGS</text><inline-styles><color><from>0</from><to>4</to><value>#ffffff</value></color><color><from>4</from><to>14</to><value>#808080</value></color><back-color><from>0</from><to>4</to><value>#808080</value></back-color></inline-styles><styles><back-color>#f2f2f2</back-color><padding>0 20px</padding></styles></para><list-item level="1" list-id="4230-1569320909334"><coId>7978-1571103095665</coId><text> </text><inline-styles><color><from>0</from><to>1</to><value>#393939</value></color></inline-styles><styles><back-color>#f2f2f2</back-color><padding>0 20px</padding></styles></list-item><list-item level="1" list-id="4230-1569320909334"><coId>4480-1571103095665</coId><text>  </text><inline-styles><color><from>0</from><to>2</to><value>#393939</value></color></inline-styles><styles><back-color>#f2f2f2</back-color><padding>0 20px</padding></styles></list-item><list-item level="1" list-id="4230-1569320909334"><coId>8060-1571103095665</coId><text></text><inline-styles/><styles><back-color>#f2f2f2</back-color><padding>0 20px</padding></styles></list-item><para><coId>4053-1571103095665</coId><text></text><inline-styles/><styles><back-color>#f2f2f2</back-color><padding>0 20px</padding></styles></para><para><coId>1950-1571103095665</coId><text></text><inline-styles/><styles/></para><para><coId>6155-1571103095665</coId><text>重点摘录 NOTES</text><inline-styles><color><from>0</from><to>4</to><value>#ffffff</value></color><color><from>4</from><to>10</to><value>#808080</value></color><back-color><from>0</from><to>4</to><value>#808080</value></back-color></inline-styles><styles><back-color>#f2f2f2</back-color><padding>0 20px</padding></styles></para><list-item level="1" list-id="4815-1569321048926"><coId>1320-1571103095665</coId><text> </text><inline-styles><color><from>0</from><to>1</to><value>#393939</value></color></inline-styles><styles><back-color>#f2f2f2</back-color><padding>0 20px</padding></styles></list-item><list-item level="1" list-id="4815-1569321048926"><coId>7890-1571103095665</coId><text> </text><inline-styles><color><from>0</from><to>1</to><value>#393939</value></color></inline-styles><styles><back-color>#f2f2f2</back-color><padding>0 20px</padding></styles></list-item><list-item level="1" list-id="4815-1569321048926"><coId>6898-1571103095665</coId><text> </text><inline-styles><color><from>0</from><to>1</to><value>#393939</value></color></inline-styles><styles><back-color>#f2f2f2</back-color><padding>0 20px</padding></styles></list-item><para><coId>7170-1571103095665</coId><text></text><inline-styles/><styles><back-color>#f2f2f2</back-color><padding>0 20px</padding></styles></para><para><coId>3784-1571103095665</coId><text></text><inline-styles/><styles/></para><para><coId>6381-1573143132111</coId><text></text><inline-styles/><styles/></para></body></note>