<?xml version="1.0"?>
<note xmlns="http://note.youdao.com" schema-version="1.0.3" file-id="3" file-version="0"><head><header compat="true"><text></text><styles><align>center</align></styles></header><footer compat="true"><text></text><styles><align>center</align></styles></footer></head><body><para><coId>394e7773-6133-7b3e-1047-7ed8a09d9fc8</coId><text> 记录闪现的灵感  INSPIRATIONS</text><inline-styles><color><from>0</from><to>9</to><value>#ffffff</value></color><back-color><from>0</from><to>9</to><value>#0d0d0d</value></back-color></inline-styles><styles><line-height>3</line-height><back-color>rgba(0, 0, 0, 0.02)</back-color><padding>0 20px</padding></styles></para><para><coId>5948-1554810571836</coId><text></text><inline-styles/><styles><align>justify</align><back-color>rgba(0, 0, 0, 0.02)</back-color><padding>0 20px</padding></styles></para><para><coId>7976-1554810571836</coId><text> </text><inline-styles/><styles><align>justify</align><back-color>rgba(0, 0, 0, 0.02)</back-color><padding>0 20px</padding></styles></para><para><coId>9051-1554810769223</coId><text></text><inline-styles/><styles><align>justify</align><back-color>rgba(0, 0, 0, 0.02)</back-color><padding>0 20px</padding></styles></para><para><coId>2647-1554810571836</coId><text></text><inline-styles/><styles><align>justify</align><back-color>transparent</back-color><padding>0 20px</padding></styles></para><para><coId>9056-1554810571836</coId><text> 优选三件事  TODAY'S TOP3 GOALS </text><inline-styles><font-family><from>7</from><to>8</to><value>宋体</value></font-family><font-family><from>8</from><to>27</to><value>Tahoma</value></font-family><font-size><from>7</from><to>8</to><value>12</value></font-size><color><from>0</from><to>7</to><value>#ffffff</value></color><color><from>8</from><to>27</to><value>#393939</value></color><back-color><from>0</from><to>7</to><value>#0d0d0d</value></back-color></inline-styles><styles><line-height>3</line-height><back-color>rgba(0, 0, 0, 0.02)</back-color><padding>0 20px</padding></styles></para><todo compat="true"><coId>5684-1554810571836</coId><text></text><inline-styles/><styles><align>justify</align><back-color>rgba(0, 0, 0, 0.02)</back-color><padding>0 20px</padding></styles><checked>false</checked></todo><todo compat="true"><coId>6228-1554810571836</coId><text></text><inline-styles/><styles><align>justify</align><back-color>rgba(0, 0, 0, 0.02)</back-color><padding>0 20px</padding></styles><checked>false</checked></todo><todo compat="true"><coId>4177-1554810571836</coId><text></text><inline-styles/><styles><align>justify</align><back-color>rgba(0, 0, 0, 0.02)</back-color><padding>0 20px</padding></styles><checked>false</checked></todo><para><coId>7872-1554810779501</coId><text></text><inline-styles/><styles><align>justify</align><back-color>rgba(0, 0, 0, 0.02)</back-color><padding>0 20px</padding></styles></para><para><coId>4020-1554810571836</coId><text></text><inline-styles/><styles><back-color>transparent</back-color><padding>0 20px</padding></styles></para><para><coId>4863-1554810571836</coId><text>今日行程 TODAY'S SCHEDULE</text><inline-styles><font-family><from>6</from><to>21</to><value>Tahoma</value></font-family><font-size><from>0</from><to>21</to><value>16</value></font-size><color><from>0</from><to>21</to><value>#393939</value></color></inline-styles><styles><align>center</align><line-height>3</line-height><back-color>rgba(0, 0, 0, 0.02)</back-color><padding>0 20px</padding></styles></para><para><coId>8060-1554810571836</coId><text>MORNING</text><inline-styles><bold><from>0</from><to>7</to><value>true</value></bold><font-family><from>0</from><to>7</to><value>Tahoma</value></font-family><font-size><from>0</from><to>7</to><value>22</value></font-size><color><from>0</from><to>7</to><value>#393939</value></color></inline-styles><styles><align>center</align><line-height>2.5</line-height><back-color>rgba(0, 0, 0, 0.02)</back-color><padding>0 20px</padding></styles></para><para><coId>2863-1554810571836</coId><text> 6:00 - 8:00 </text><inline-styles><color><from>0</from><to>13</to><value>#ffffff</value></color><back-color><from>0</from><to>13</to><value>#a6a6a6</value></back-color></inline-styles><styles><align>justify</align><line-height>3</line-height><back-color>rgba(0, 0, 0, 0.02)</back-color><padding>0 20px</padding></styles></para><para><coId>4130-1554810571836</coId><text></text><inline-styles/><styles><align>justify</align><back-color>rgba(0, 0, 0, 0.02)</back-color><padding>0 20px</padding></styles></para><para><coId>0028-1554810571836</coId><text></text><inline-styles/><styles><align>justify</align><back-color>rgba(0, 0, 0, 0.02)</back-color><padding>0 20px</padding></styles></para><horizontal-line><coId>5653-1554810571836</coId><styles><align>center</align><color>#c8c8c8</color><back-color>rgba(0, 0, 0, 0.02)</back-color><padding>0 20px</padding><margin>0 20px</margin></styles></horizontal-line><para><coId>6150-1554810571836</coId><text> 8:00 - 10:00 </text><inline-styles><color><from>0</from><to>14</to><value>#ffffff</value></color><back-color><from>0</from><to>14</to><value>#a6a6a6</value></back-color></inline-styles><styles><align>justify</align><line-height>3</line-height><back-color>rgba(0, 0, 0, 0.02)</back-color><padding>0 20px</padding></styles></para><para><coId>9826-1554810571836</coId><text></text><inline-styles/><styles><align>justify</align><back-color>rgba(0, 0, 0, 0.02)</back-color><padding>0 20px</padding></styles></para><para><coId>3517-1554810571836</coId><text></text><inline-styles/><styles><align>justify</align><back-color>rgba(0, 0, 0, 0.02)</back-color><padding>0 20px</padding></styles></para><horizontal-line><coId>1790-1554810571836</coId><styles><align>center</align><color>#c8c8c8</color><back-color>rgba(0, 0, 0, 0.02)</back-color><padding>0 20px</padding><margin>0 20px</margin></styles></horizontal-line><para><coId>2531-1554810571836</coId><text>NOON</text><inline-styles><bold><from>0</from><to>4</to><value>true</value></bold><font-family><from>0</from><to>4</to><value>Tahoma</value></font-family><font-size><from>0</from><to>4</to><value>22</value></font-size><color><from>0</from><to>4</to><value>#393939</value></color></inline-styles><styles><align>center</align><line-height>2.5</line-height><back-color>rgba(0, 0, 0, 0.02)</back-color><padding>0 20px</padding></styles></para><para><coId>4447-1554810571836</coId><text> 10:00 - 12:00 </text><inline-styles><color><from>0</from><to>15</to><value>#ffffff</value></color><back-color><from>0</from><to>15</to><value>#a6a6a6</value></back-color></inline-styles><styles><align>justify</align><line-height>3</line-height><back-color>rgba(0, 0, 0, 0.02)</back-color><padding>0 20px</padding></styles></para><para><coId>6415-1554810571836</coId><text></text><inline-styles/><styles><align>justify</align><back-color>rgba(0, 0, 0, 0.02)</back-color><padding>0 20px</padding></styles></para><para><coId>6982-1554810571836</coId><text></text><inline-styles/><styles><align>justify</align><back-color>rgba(0, 0, 0, 0.02)</back-color><padding>0 20px</padding></styles></para><horizontal-line><coId>9449-1554810571836</coId><styles><align>center</align><color>#c8c8c8</color><back-color>rgba(0, 0, 0, 0.02)</back-color><padding>0 20px</padding><margin>0 20px</margin></styles></horizontal-line><para><coId>6798-1554810571836</coId><text> 12:00 - 14:00 </text><inline-styles><color><from>0</from><to>15</to><value>#ffffff</value></color><back-color><from>0</from><to>15</to><value>#a6a6a6</value></back-color></inline-styles><styles><align>justify</align><line-height>3</line-height><back-color>rgba(0, 0, 0, 0.02)</back-color><padding>0 20px</padding></styles></para><para><coId>6924-1554810571836</coId><text></text><inline-styles/><styles><align>justify</align><back-color>rgba(0, 0, 0, 0.02)</back-color><padding>0 20px</padding></styles></para><para><coId>8224-1554810571836</coId><text></text><inline-styles/><styles><align>justify</align><back-color>rgba(0, 0, 0, 0.02)</back-color><padding>0 20px</padding></styles></para><horizontal-line><coId>1074-1554810571836</coId><styles><align>center</align><color>#666666</color><back-color>rgba(0, 0, 0, 0.02)</back-color><padding>0 20px</padding><margin>0 20px</margin></styles></horizontal-line><para><coId>9070-1554810571836</coId><text>AFTERNOON</text><inline-styles><bold><from>0</from><to>9</to><value>true</value></bold><font-family><from>0</from><to>9</to><value>Tahoma</value></font-family><font-size><from>0</from><to>9</to><value>22</value></font-size><color><from>0</from><to>9</to><value>#393939</value></color></inline-styles><styles><align>center</align><line-height>2.5</line-height><back-color>rgba(0, 0, 0, 0.02)</back-color><padding>0 20px</padding></styles></para><para><coId>6964-1554810571836</coId><text> 14:00 - 16:00 </text><inline-styles><color><from>0</from><to>15</to><value>#ffffff</value></color><back-color><from>0</from><to>15</to><value>#a6a6a6</value></back-color></inline-styles><styles><align>justify</align><line-height>3</line-height><back-color>rgba(0, 0, 0, 0.02)</back-color><padding>0 20px</padding></styles></para><para><coId>2749-1554810571836</coId><text></text><inline-styles/><styles><align>justify</align><back-color>rgba(0, 0, 0, 0.02)</back-color><padding>0 20px</padding></styles></para><para><coId>5244-1554810571836</coId><text></text><inline-styles/><styles><align>justify</align><back-color>rgba(0, 0, 0, 0.02)</back-color><padding>0 20px</padding></styles></para><horizontal-line><coId>7221-1554810571836</coId><styles><align>center</align><color>#c8c8c8</color><back-color>rgba(0, 0, 0, 0.02)</back-color><padding>0 20px</padding><margin>0 20px</margin></styles></horizontal-line><para><coId>2238-1554810571836</coId><text> 16:00 - 18:00 </text><inline-styles><color><from>0</from><to>15</to><value>#ffffff</value></color><back-color><from>0</from><to>15</to><value>#a6a6a6</value></back-color></inline-styles><styles><align>justify</align><line-height>3</line-height><back-color>rgba(0, 0, 0, 0.02)</back-color><padding>0 20px</padding></styles></para><para><coId>8199-1554810571836</coId><text></text><inline-styles/><styles><align>justify</align><back-color>rgba(0, 0, 0, 0.02)</back-color><padding>0 20px</padding></styles></para><para><coId>7264-1554810571836</coId><text></text><inline-styles/><styles><align>justify</align><back-color>rgba(0, 0, 0, 0.02)</back-color><padding>0 20px</padding></styles></para><para><coId>4528-1554810786565</coId><text></text><inline-styles/><styles><align>justify</align></styles></para><para><coId>1019-1554860399242</coId><text></text><inline-styles/><styles><align>justify</align></styles></para><horizontal-line><coId>5885-1554810571836</coId><styles><align>center</align><color>#c8c8c8</color><back-color>rgba(0, 0, 0, 0.01)</back-color><padding>3px 14px</padding><margin>0 20px</margin></styles></horizontal-line><para><coId>1534-1554810571836</coId><text> 18:00 - 20:00 </text><inline-styles><color><from>0</from><to>15</to><value>#ffffff</value></color><back-color><from>0</from><to>15</to><value>#a6a6a6</value></back-color></inline-styles><styles><align>justify</align><line-height>3</line-height><back-color>rgba(0, 0, 0, 0.02)</back-color><padding>0 20px</padding></styles></para><para><coId>1043-1554810571836</coId><text></text><inline-styles/><styles><align>justify</align><back-color>rgba(0, 0, 0, 0.02)</back-color><padding>0 20px</padding></styles></para><para><coId>2089-1554810571836</coId><text></text><inline-styles/><styles><align>justify</align><back-color>rgba(0, 0, 0, 0.02)</back-color><padding>0 20px</padding></styles></para><horizontal-line><coId>6727-1554810571836</coId><styles><align>center</align><color>#c8c8c8</color><back-color>rgba(0, 0, 0, 0.02)</back-color><padding>0 20px</padding><margin>0 20px</margin></styles></horizontal-line><para><coId>4259-1554810571836</coId><text>EVENING</text><inline-styles><bold><from>0</from><to>7</to><value>true</value></bold><font-family><from>0</from><to>7</to><value>Tahoma</value></font-family><font-size><from>0</from><to>7</to><value>22</value></font-size><color><from>0</from><to>7</to><value>#393939</value></color></inline-styles><styles><align>center</align><line-height>2.5</line-height><back-color>rgba(0, 0, 0, 0.02)</back-color><padding>0 20px</padding></styles></para><para><coId>4377-1554810571836</coId><text> 20:00 - 22:00 </text><inline-styles><color><from>0</from><to>15</to><value>#ffffff</value></color><back-color><from>0</from><to>15</to><value>#a6a6a6</value></back-color></inline-styles><styles><align>justify</align><line-height>3</line-height><back-color>rgba(0, 0, 0, 0.02)</back-color><padding>0 20px</padding></styles></para><para><coId>4070-1554810571836</coId><text></text><inline-styles/><styles><align>justify</align><back-color>rgba(0, 0, 0, 0.02)</back-color><padding>0 20px</padding></styles></para><para><coId>9073-1554810571836</coId><text></text><inline-styles/><styles><align>justify</align><back-color>rgba(0, 0, 0, 0.02)</back-color><padding>0 20px</padding></styles></para><horizontal-line><coId>6794-1554810571836</coId><styles><align>center</align><color>#c8c8c8</color><back-color>rgba(0, 0, 0, 0.02)</back-color><padding>0 20px</padding><margin>0 20px</margin></styles></horizontal-line><para><coId>7165-1554810571836</coId><text> 22:00 - 24:00 </text><inline-styles><color><from>0</from><to>15</to><value>#ffffff</value></color><back-color><from>0</from><to>15</to><value>#a6a6a6</value></back-color></inline-styles><styles><align>justify</align><line-height>3</line-height><back-color>rgba(0, 0, 0, 0.02)</back-color><padding>0 20px</padding></styles></para><para><coId>5864-1554810571836</coId><text></text><inline-styles/><styles><align>justify</align><back-color>rgba(0, 0, 0, 0.02)</back-color><padding>0 20px</padding></styles></para><para><coId>2280-1554810571836</coId><text></text><inline-styles/><styles><align>justify</align><back-color>rgba(0, 0, 0, 0.02)</back-color><padding>0 20px</padding></styles></para><horizontal-line><coId>6232-1554810571836</coId><styles><align>center</align><color>#c8c8c8</color><back-color>rgba(0, 0, 0, 0.02)</back-color><padding>0 20px</padding><margin>0 20px</margin></styles></horizontal-line><para><coId>8565-1554810571836</coId><text></text><inline-styles/><styles><align>justify</align><back-color>rgba(0, 0, 0, 0.02)</back-color><padding>0 20px</padding></styles></para><para><coId>5896-1554810571836</coId><text></text><inline-styles/><styles><back-color>transparent</back-color><padding>0 20px</padding></styles></para><para><coId>4388-1554810571836</coId><text> 学习计划  SOUL</text><inline-styles><font-family><from>6</from><to>7</to><value>宋体</value></font-family><font-family><from>10</from><to>11</to><value>Tahoma</value></font-family><font-size><from>6</from><to>7</to><value>12</value></font-size><color><from>0</from><to>6</to><value>#ffffff</value></color><color><from>7</from><to>11</to><value>#393939</value></color><back-color><from>0</from><to>6</to><value>#0d0d0d</value></back-color></inline-styles><styles><align>justify</align><line-height>3</line-height><back-color>rgba(0, 0, 0, 0.02)</back-color><padding>0 20px</padding></styles></para><para><coId>9952-1554810571836</coId><text></text><inline-styles/><styles><align>justify</align><back-color>rgba(0, 0, 0, 0.02)</back-color><padding>0 20px</padding></styles></para><para><coId>4050-1554810571836</coId><text></text><inline-styles/><styles><align>justify</align><back-color>rgba(0, 0, 0, 0.02)</back-color><padding>0 20px</padding></styles></para><para><coId>3658-1554810571836</coId><text></text><inline-styles/><styles><align>justify</align><back-color>rgba(0, 0, 0, 0.02)</back-color><padding>0 20px</padding></styles></para><para><coId>4361-1554810571836</coId><text></text><inline-styles/><styles><back-color>transparent</back-color><padding>0 20px</padding></styles></para><para><coId>3090-1554810571836</coId><text> 读书笔记  READING NOTES</text><inline-styles><font-family><from>6</from><to>7</to><value>宋体</value></font-family><font-size><from>6</from><to>7</to><value>12</value></font-size><color><from>0</from><to>6</to><value>#ffffff</value></color><color><from>7</from><to>20</to><value>#393939</value></color><back-color><from>0</from><to>6</to><value>#0d0d0d</value></back-color></inline-styles><styles><align>justify</align><line-height>3</line-height><back-color>rgba(0, 0, 0, 0.02)</back-color><padding>0 20px</padding></styles></para><para><coId>9567-1554810571836</coId><text></text><inline-styles/><styles><align>justify</align><back-color>rgba(0, 0, 0, 0.02)</back-color><padding>0 20px</padding></styles></para><para><coId>3739-1554810571836</coId><text></text><inline-styles/><styles><align>justify</align><back-color>rgba(0, 0, 0, 0.02)</back-color><padding>0 20px</padding></styles></para><para><coId>4385-1554810571836</coId><text></text><inline-styles/><styles><align>justify</align><back-color>rgba(0, 0, 0, 0.02)</back-color><padding>0 20px</padding></styles></para><para><coId>6636-1554810571836</coId><text></text><inline-styles/><styles><back-color>transparent</back-color><padding>0 20px</padding></styles></para><para><coId>3300-1554810571836</coId><text> 总结  SUMMARY</text><inline-styles><font-family><from>4</from><to>5</to><value>宋体</value></font-family><font-size><from>4</from><to>5</to><value>12</value></font-size><color><from>0</from><to>4</to><value>#ffffff</value></color><color><from>5</from><to>12</to><value>#393939</value></color><back-color><from>0</from><to>4</to><value>#0d0d0d</value></back-color></inline-styles><styles><align>justify</align><line-height>3</line-height><back-color>rgba(0, 0, 0, 0.02)</back-color><padding>0 20px</padding></styles></para><para><coId>3046-1554810571836</coId><text></text><inline-styles/><styles><align>justify</align><back-color>rgba(0, 0, 0, 0.02)</back-color><padding>0 20px</padding></styles></para><para><coId>9179-1554810571836</coId><text></text><inline-styles/><styles><align>justify</align><back-color>rgba(0, 0, 0, 0.02)</back-color><padding>0 20px</padding></styles></para><para><coId>1894-1554810571836</coId><text></text><inline-styles/><styles><align>justify</align><back-color>rgba(0, 0, 0, 0.02)</back-color><padding>0 20px</padding></styles></para><para><coId>2678-1554810571836</coId><text></text><inline-styles/><styles><back-color>rgba(0, 0, 0, 0.02)</back-color><padding>0 20px</padding></styles></para></body></note>