<?xml version="1.0"?>
<note xmlns="http://note.youdao.com" schema-version="1.0.3" file-id="31" file-version="0"><head><header compat="true"><text></text><styles><align>center</align></styles></header><footer compat="true"><text></text><styles><align>center</align></styles></footer></head><body><para><coId>4494-1581817909481</coId><text></text><inline-styles/><styles/></para><para><coId>6159-1579398656170</coId><text></text><inline-styles/><styles/></para><image><coId>2293-1579248288022</coId><source>https://shared-https.ydstatic.com/ynote/template/template_boll/banner.jpg</source><text></text><styles><width>100%</width><height>126</height></styles></image><para><coId>4043-1581577226120</coId><text></text><inline-styles/><styles/></para><image><coId>9544-1581577226120</coId><source>https://shared-https.ydstatic.com/ynote/template/template_xxzq/1.png</source><text></text><styles><width>100%</width><height>126</height></styles></image><para><coId>4096-1579248319141</coId><text> 工作技能   Work</text><inline-styles><color><from>0</from><to>6</to><value>#ffffff</value></color><back-color><from>0</from><to>6</to><value>#4d94ff</value></back-color></inline-styles><styles><back-color>#f2f2f2</back-color><padding>0 20px</padding></styles></para><todo compat="true"><coId>4058-1579248366433</coId><text> </text><inline-styles/><styles><back-color>#f2f2f2</back-color><padding>0 20px</padding></styles><checked>false</checked></todo><todo compat="true"><coId>9422-1579248424687</coId><text> </text><inline-styles/><styles><back-color>#f2f2f2</back-color><padding>0 20px</padding></styles><checked>false</checked></todo><todo compat="true"><coId>1272-1579248426476</coId><text></text><inline-styles/><styles><back-color>#f2f2f2</back-color><padding>0 20px</padding></styles><checked>false</checked></todo><para><coId>3428-1579248366434</coId><text></text><inline-styles/><styles><back-color>#f2f2f2</back-color><padding>0 20px</padding></styles></para><para><coId>3560-1579398688647</coId><text></text><inline-styles/><styles><padding>0 20px</padding></styles></para><image><coId>9544-1581817863968</coId><source>https://shared-https.ydstatic.com/ynote/template/template_xxzq/2.png</source><text></text><styles><width>100%</width><height>126</height></styles></image><para><coId>7699-1581817862540</coId><text></text><inline-styles/><styles><padding>0 20px</padding></styles></para><para><coId>7544-1579248416825</coId><text> 身体健康   Health</text><inline-styles><color><from>0</from><to>6</to><value>#ffffff</value></color><back-color><from>0</from><to>6</to><value>#4d94ff</value></back-color></inline-styles><styles><back-color>#f2f2f2</back-color><padding>0 20px</padding></styles></para><todo compat="true"><coId>7480-1579248494628</coId><text> </text><inline-styles/><styles><back-color>#f2f2f2</back-color><padding>0 20px</padding></styles><checked>false</checked></todo><todo compat="true"><coId>6472-1579248494628</coId><text> </text><inline-styles/><styles><back-color>#f2f2f2</back-color><padding>0 20px</padding></styles><checked>false</checked></todo><todo compat="true"><coId>5551-1579248494628</coId><text></text><inline-styles/><styles><back-color>#f2f2f2</back-color><padding>0 20px</padding></styles><checked>false</checked></todo><para><coId>1230-1579248494628</coId><text></text><inline-styles/><styles><back-color>#f2f2f2</back-color><padding>0 20px</padding></styles></para><para><coId>2382-1579398574850</coId><text></text><inline-styles/><styles/></para><image><coId>8657-1581817880874</coId><source>https://shared-https.ydstatic.com/ynote/template/template_xxzq/3.png</source><text></text><styles><width>100%</width><height>126</height></styles></image><para><coId>9637-1581817871752</coId><text></text><inline-styles/><styles/></para><para><coId>8296-1579248501130</coId><text> 个人财务   Finance</text><inline-styles><color><from>0</from><to>6</to><value>#ffffff</value></color><back-color><from>0</from><to>6</to><value>#4d94ff</value></back-color></inline-styles><styles><back-color>#f2f2f2</back-color><padding>0 20px</padding></styles></para><todo compat="true"><coId>7586-1579248610617</coId><text> </text><inline-styles/><styles><back-color>#f2f2f2</back-color><padding>0 20px</padding></styles><checked>false</checked></todo><todo compat="true"><coId>3396-1579248610617</coId><text> </text><inline-styles/><styles><back-color>#f2f2f2</back-color><padding>0 20px</padding></styles><checked>false</checked></todo><todo compat="true"><coId>4484-1579248610617</coId><text></text><inline-styles/><styles><back-color>#f2f2f2</back-color><padding>0 20px</padding></styles><checked>false</checked></todo><image><coId>5595-1581817918358</coId><source>https://shared-https.ydstatic.com/ynote/template/template_xxzq/4.png</source><text></text><styles><width>100%</width><height>126</height></styles></image><para><coId>6734-1579248574580</coId><text> 兴趣爱好   Hobbies</text><inline-styles><color><from>0</from><to>6</to><value>#ffffff</value></color><back-color><from>0</from><to>6</to><value>#4d94ff</value></back-color></inline-styles><styles><back-color>#f2f2f2</back-color><padding>0 20px</padding></styles></para><todo compat="true"><coId>6128-1579248614546</coId><text> </text><inline-styles/><styles><back-color>#f2f2f2</back-color><padding>0 20px</padding></styles><checked>false</checked></todo><todo compat="true"><coId>1989-1579248614546</coId><text> </text><inline-styles/><styles><back-color>#f2f2f2</back-color><padding>0 20px</padding></styles><checked>false</checked></todo><todo compat="true"><coId>8766-1579398291113</coId><text></text><inline-styles/><styles><back-color>#f2f2f2</back-color><padding>0 20px</padding></styles><checked>false</checked></todo><para><coId>5162-1579248614546</coId><text></text><inline-styles/><styles><back-color>#f2f2f2</back-color><padding>0 20px</padding></styles></para><para><coId>9015-1579398359081</coId><text></text><inline-styles/><styles><padding>0 20px</padding></styles></para><image><coId>2857-1581817838621</coId><source>https://shared-https.ydstatic.com/ynote/template/template_xxzq/5.png</source><text></text><styles><width>100%</width><height>126</height></styles></image><para><coId>2980-1581817837450</coId><text></text><inline-styles/><styles><padding>0 20px</padding></styles></para><para><coId>8574-1579248585932</coId><text> 感情生活   Relationship</text><inline-styles><color><from>0</from><to>6</to><value>#ffffff</value></color><back-color><from>0</from><to>6</to><value>#4d94ff</value></back-color></inline-styles><styles><back-color>#f2f2f2</back-color><padding>0 20px</padding></styles></para><todo compat="true"><coId>2690-1579248616482</coId><text> </text><inline-styles/><styles><back-color>#f2f2f2</back-color><padding>0 20px</padding></styles><checked>false</checked></todo><todo compat="true"><coId>4050-1579248616482</coId><text> </text><inline-styles/><styles><back-color>#f2f2f2</back-color><padding>0 20px</padding></styles><checked>false</checked></todo><todo compat="true"><coId>3876-1579248616482</coId><text></text><inline-styles/><styles><back-color>#f2f2f2</back-color><padding>0 20px</padding></styles><checked>false</checked></todo><para><coId>9340-1579248616482</coId><text></text><inline-styles/><styles><back-color>#f2f2f2</back-color><padding>0 20px</padding></styles></para><para><coId>9711-1579398666081</coId><text></text><inline-styles/><styles><padding>0 20px</padding></styles></para><image><coId>2858-1579398667858</coId><source>https://shared-https.ydstatic.com/ynote/template/template_boll/0.png</source><text></text><styles><width>100%</width><height>126</height></styles></image><para><coId>1941-1579398666759</coId><text></text><inline-styles/><styles><padding>0 20px</padding></styles></para><para><coId>9924-1579398441195</coId><text></text><inline-styles/><styles><padding>0 20px</padding></styles></para></body></note>