<?xml version="1.0"?>
<note xmlns="http://note.youdao.com" schema-version="1.0.3" file-version="0"><head><header compat="true"><text></text><styles><align>center</align></styles></header><footer compat="true"><text></text><styles><align>center</align></styles></footer></head><body><para><coId>9564-1540369669710</coId><text></text><inline-styles/><styles><align>center</align></styles></para><para><coId>8010-1554790514365</coId><text>参会人 |   </text><inline-styles><color><from>4</from><to>5</to><value>#CCCCCC</value></color><color><from>7</from><to>8</to><value>#333</value></color></inline-styles><styles><line-height>2</line-height></styles></para><para><coId>3737-1554790514365</coId><text>记录人 |   </text><inline-styles><color><from>4</from><to>6</to><value>#CCCCCC</value></color><color><from>7</from><to>8</to><value>#333</value></color></inline-styles><styles><line-height>2</line-height></styles></para><para><coId>9355-1554790514365</coId><text>※</text><inline-styles><font-size><from>0</from><to>1</to><value>16</value></font-size><color><from>0</from><to>1</to><value>#b8b8b8</value></color></inline-styles><styles><align>center</align><line-height>3</line-height></styles></para><para><coId>2883-1554790514365</coId><text> 议题   ISSUE</text><inline-styles><color><from>0</from><to>4</to><value>#ffffff</value></color><back-color><from>0</from><to>4</to><value>#4D94FF</value></back-color></inline-styles><styles><line-height>2.5</line-height><back-color>rgba(0, 0, 0, 0.02)</back-color><padding>0 20px</padding></styles></para><para><coId>6972-1554790514365</coId><text> </text><inline-styles><font-size><from>0</from><to>1</to><value>22</value></font-size></inline-styles><styles><back-color>rgba(0, 0, 0, 0.02)</back-color><padding>0 20px</padding></styles></para><para><coId>1738-1554790514365</coId><text></text><inline-styles/><styles><back-color>rgba(0, 0, 0, 0.02)</back-color><padding>0 20px</padding></styles></para><para><coId>2856-1554790514365</coId><text></text><inline-styles/><styles><back-color>rgba(0, 0, 0, 0.02)</back-color><padding>0 20px</padding></styles></para><para><coId>2338-1554790514365</coId><text></text><inline-styles/><styles/></para><para><coId>1587-1554790514365</coId><text> 背景资料   PREPARATIONS</text><inline-styles><color><from>0</from><to>6</to><value>#ffffff</value></color><back-color><from>0</from><to>6</to><value>#333333</value></back-color></inline-styles><styles><line-height>3</line-height><back-color>rgba(0, 0, 0, 0.02)</back-color><padding>0 20px</padding></styles></para><para><coId>1111-1554790514365</coId><text></text><inline-styles/><styles><back-color>rgba(0, 0, 0, 0.02)</back-color><padding>0 20px</padding></styles></para><para><coId>9184-1554790514365</coId><text></text><inline-styles/><styles><back-color>rgba(0, 0, 0, 0.02)</back-color><padding>0 20px</padding></styles></para><para><coId>5065-1554790514365</coId><text></text><inline-styles/><styles><back-color>rgba(0, 0, 0, 0.02)</back-color><padding>0 20px</padding></styles></para><para><coId>7612-1554790514365</coId><text></text><inline-styles/><styles><line-height>2.5</line-height></styles></para><para><coId>3158-1554790514365</coId><text> 结论   CONCLUSION</text><inline-styles><color><from>0</from><to>4</to><value>#ffffff</value></color><back-color><from>0</from><to>4</to><value>#333333</value></back-color></inline-styles><styles><line-height>3</line-height><back-color>rgba(0, 0, 0, 0.02)</back-color><padding>0 20px</padding></styles></para><para><coId>2218-1554790514365</coId><text></text><inline-styles/><styles><back-color>rgba(0, 0, 0, 0.02)</back-color><padding>0 20px</padding></styles></para><para><coId>1034-1554790514365</coId><text></text><inline-styles/><styles><back-color>rgba(0, 0, 0, 0.02)</back-color><padding>0 20px</padding></styles></para><para><coId>1623-1554790514365</coId><text></text><inline-styles/><styles><back-color>rgba(0, 0, 0, 0.02)</back-color><padding>0 20px</padding></styles></para><para><coId>2049-1554790514365</coId><text></text><inline-styles/><styles><line-height>2.5</line-height></styles></para><para><coId>5318-1554790514365</coId><text> 遗留问题及任务   TASKS</text><inline-styles><color><from>0</from><to>9</to><value>#ffffff</value></color><back-color><from>0</from><to>9</to><value>#333333</value></back-color></inline-styles><styles><line-height>3</line-height><back-color>rgba(0, 0, 0, 0.02)</back-color><padding>0 20px</padding></styles></para><todo compat="true"><coId>5419-1554790514365</coId><text></text><inline-styles/><styles><back-color>rgba(0, 0, 0, 0.02)</back-color><padding>0 20px</padding></styles><checked>false</checked></todo><todo compat="true"><coId>3599-1554790514365</coId><text></text><inline-styles/><styles><back-color>rgba(0, 0, 0, 0.02)</back-color><padding>0 20px</padding></styles><checked>false</checked></todo><todo compat="true"><coId>2221-1554790514365</coId><text></text><inline-styles/><styles><back-color>rgba(0, 0, 0, 0.02)</back-color><padding>0 20px</padding></styles><checked>false</checked></todo><para><coId>9055-1554790514365</coId><text></text><inline-styles/><styles><back-color>rgba(0, 0, 0, 0.02)</back-color><padding>0 20px</padding></styles></para><para><coId>3140-1554790514365</coId><text></text><inline-styles/><styles><line-height>2.5</line-height></styles></para><para><coId>9710-1554790514365</coId><text></text><inline-styles/><styles><line-height>2.5</line-height></styles></para></body></note>